DATA,HOMICÍDIO DOLOSO (2),Nº DE VÍTIMAS EM HOMICÍDIO DOLOSO (3),HOMICÍDIO DOLOSO POR ACIDENTE DE TRÂNSITO,Nº DE VÍTIMAS EM HOMICÍDIO DOLOSO POR ACIDENTE DE TRÂNSITO,HOMICÍDIO CULPOSO POR ACIDENTE DE TRÂNSITO,HOMICÍDIO CULPOSO OUTROS,TENTATIVA DE HOMICÍDIO,LESÃO CORPORAL SEGUIDA DE MORTE,LESÃO CORPORAL DOLOSA,LESÃO CORPORAL CULPOSA POR ACIDENTE DE TRÂNSITO,LESÃO CORPORAL CULPOSA - OUTRAS,LATROCÍNIO,Nº DE VÍTIMAS EM LATROCÍNIO,TOTAL DE ESTUPRO (4),TOTAL DE ROUBO - OUTROS (1),ROUBO DE VEÍCULO,ROUBO A BANCO,ROUBO DE CARGA,FURTO - OUTROS,FURTO DE VEÍCULO,ESTUPRO,ROUBO - OUTROS,ESTUPRO DE VULNERÁVEL
2001-01-01,1109,1150,0,0,298,23,908,0.0,15814,8033,447,47,46,358,18069,8562,15,250,37274,9497,,,
2001-02-01,1115,1153,0,0,294,26,857,0.0,14019,7160,471,28,32,339,16627,8094,27,248,32987,8702,,,
2001-03-01,1181,1240,0,0,305,26,866,0.0,15778,8393,431,52,54,332,19383,9416,21,321,37048,10580,,,
2001-04-01,1168,1236,0,0,386,21,940,0.0,15095,9065,424,45,47,333,18816,8559,13,286,36432,9196,,,
2001-05-01,1101,1153,0,0,376,30,804,0.0,13296,9279,402,36,39,333,18940,8649,29,357,38227,10022,,,
2001-06-01,985,1035,0,0,381,33,788,0.0,13055,9161,444,36,37,312,17778,7755,16,343,35463,9312,,,
2001-07-01,930,1014,0,0,462,30,773,0.0,12960,9185,381,45,47,325,18592,8123,17,347,35995,9537,,,
2001-08-01,907,965,0,0,404,20,692,0.0,13567,9216,498,63,64,318,18610,8604,21,323,37261,10254,,,
2001-09-01,886,937,0,0,403,19,786,0.0,13878,8882,401,57,57,301,17922,8284,14,302,35061,9723,,,
2001-10-01,984,1019,0,0,415,39,823,0.0,15435,9747,353,47,48,330,19243,8974,25,359,39465,10221,,,
2001-11-01,956,1012,0,0,381,34,788,0.0,15168,9094,359,56,57,349,18293,8071,21,344,37217,9578,,,
2001-12-01,1153,1219,0,0,468,27,880,0.0,14805,10022,356,67,72,319,17425,7151,14,315,37897,8147,,,
2002-01-01,1037,1090,0,0,348,31,844,0.0,14287,8094,367,50,50,332,19387,7800,9,304,41409,9944,,,
2002-02-01,924,980,0,0,329,35,833,0.0,13445,7816,348,45,48,312,17373,7450,16,303,36061,9354,,,
2002-03-01,1189,1264,0,0,355,25,925,0.0,15234,9845,400,50,50,353,19401,8244,9,326,37477,9862,,,
2002-04-01,1085,1140,0,0,423,30,932,0.0,15960,9819,391,52,53,376,21009,7992,8,327,38842,8857,,,
2002-05-01,1008,1066,0,0,437,25,808,0.0,14411,9272,397,42,44,343,20272,7622,21,324,37497,8851,,,
2002-06-01,922,972,0,0,391,22,769,0.0,13704,9056,345,46,48,311,17477,6396,9,299,34596,8202,,,
2002-07-01,915,966,0,0,422,23,723,0.0,13188,8816,423,37,37,284,18084,6405,11,286,37089,8480,,,
2002-08-01,876,912,0,0,349,28,783,0.0,14288,9485,498,33,34,349,17763,6423,11,302,37930,8711,,,
2002-09-01,921,964,0,0,406,21,772,0.0,14148,9498,473,36,37,291,16819,6123,13,275,36702,8003,,,
2002-10-01,957,1030,0,0,435,31,893,0.0,18033,10302,458,43,45,415,19150,7171,14,341,41106,9495,,,
2002-11-01,954,1037,0,0,426,22,922,0.0,15557,9531,398,31,32,317,18198,6632,17,326,41054,8954,,,
2002-12-01,1059,1111,0,0,421,41,965,0.0,18023,10591,570,39,39,308,18648,6309,9,263,43534,8101,,,
2003-01-01,938,995,0,0,353,25,857,0.0,15733,8451,498,43,43,327,19104,6593,18,260,43961,8939,,,
2003-02-01,993,1040,0,0,331,34,834,0.0,16201,8818,495,45,45,344,18874,6722,6,325,41272,8442,,,
2003-03-01,1038,1101,0,0,395,29,985,0.0,17149,9509,377,47,47,334,21242,7221,16,310,45123,9052,,,
2003-04-01,1014,1063,0,0,388,32,885,0.0,15117,9624,383,56,56,299,21125,7249,19,302,45432,8825,,,
2003-05-01,943,989,0,0,406,19,810,0.0,14213,9813,351,58,59,323,22392,7459,14,285,45869,9642,,,
2003-06-01,898,933,0,0,399,21,817,0.0,14837,9728,429,48,48,311,20765,6576,16,279,44212,8568,,,
2003-07-01,840,887,0,0,424,31,712,0.0,14252,9620,487,45,45,313,21238,6609,16,351,45011,9244,,,
2003-08-01,897,940,0,0,430,35,742,0.0,13954,9807,443,44,45,361,21150,6507,21,302,44967,9169,,,
2003-09-01,862,913,0,0,374,47,810,0.0,15516,10162,422,38,39,333,21817,6750,17,341,46642,9473,,,
2003-10-01,818,861,0,0,384,56,719,0.0,15953,10610,487,41,41,356,21546,6843,11,343,47556,9407,,,
2003-11-01,825,862,0,0,352,28,796,0.0,16150,10389,471,31,31,338,19788,5939,9,415,43890,8308,,,
2003-12-01,888,928,0,0,379,20,897,0.0,17492,11357,510,44,44,339,19365,5378,10,361,45285,7240,,,
2004-01-01,767,821,0,0,338,16,795,0.0,15342,9061,390,39,53,327,17865,6215,19,465,44830,8999,,,
2004-02-01,713,766,0,0,338,22,804,0.0,15574,9472,401,21,32,322,17398,6043,21,453,42618,9253,,,
2004-03-01,738,804,0,0,374,19,750,0.0,16430,10865,455,33,37,388,19304,6819,19,527,48178,10130,,,
2004-04-01,754,814,0,0,377,17,809,0.0,16279,10272,388,26,32,364,19241,6864,22,524,46030,9042,,,
2004-05-01,800,839,0,0,394,14,768,0.0,14038,11410,405,31,34,279,19716,6849,21,476,46918,9920,,,
2004-06-01,749,805,0,0,402,21,743,0.0,14387,10704,462,23,35,309,19060,6714,18,551,47298,9730,,,
2004-07-01,708,756,0,0,417,21,749,0.0,13661,10682,369,39,43,299,18101,6947,27,547,45882,9838,,,
2004-08-01,735,777,0,0,390,22,853,0.0,16244,11848,435,42,49,348,18972,6990,34,529,48899,10103,,,
2004-09-01,768,816,0,0,403,18,855,0.0,17696,11518,573,37,47,335,17959,6750,21,563,46585,9698,,,
2004-10-01,709,747,0,0,371,18,718,0.0,16324,11219,465,30,36,325,17883,7188,32,550,47175,10312,,,
2004-11-01,613,664,0,0,364,19,739,0.0,16466,11053,529,38,35,369,17390,6240,26,482,47541,8890,,,
2004-12-01,699,754,0,0,457,23,803,0.0,17891,12225,467,31,40,321,17372,5988,20,545,49317,7858,,,
2005-01-01,738,764,0,0,337,16,813,0.0,17486,9905,492,35,43,339,17304,6517,27,521,46201,9855,,,
2005-02-01,702,758,0,0,285,17,765,0.0,17036,10035,377,27,27,331,16590,6494,16,508,43291,9500,,,
2005-03-01,655,697,0,0,406,18,760,0.0,18275,11581,402,29,36,342,18822,7034,31,512,48609,10228,,,
2005-04-01,614,655,0,0,409,19,741,0.0,17461,11586,372,33,38,320,19021,6788,35,508,46976,9605,,,
2005-05-01,604,629,0,0,440,50,794,0.0,16406,12202,418,24,31,320,20205,6855,28,525,50601,10153,,,
2005-06-01,551,598,0,0,439,8,593,0.0,15701,11438,461,26,30,304,18654,6897,24,512,47421,10359,,,
2005-07-01,537,597,0,0,436,27,597,0.0,14743,11455,485,20,27,286,18777,6852,28,507,45520,10391,,,
2005-08-01,564,639,0,0,417,13,652,0.0,17488,12338,493,24,33,362,19550,7011,24,521,49353,10520,,,
2005-09-01,462,498,0,0,344,29,631,0.0,16590,11132,509,21,25,351,18647,6521,36,485,47356,10274,,,
2005-10-01,584,630,0,0,422,17,652,0.0,18370,11993,375,26,31,341,18756,6982,25,536,46994,10229,,,
2005-11-01,523,540,0,0,361,24,584,0.0,17016,11790,361,27,28,297,18232,6626,25,606,46282,9261,,,
2005-12-01,542,588,0,0,415,21,607,0.0,17312,12780,435,23,26,310,17259,5401,33,481,46356,7193,,,
2006-01-01,493,521,0,0,349,40,545,0.0,18473,10721,410,24,33,320,17084,5905,37,438,45467,9484,,,
2006-02-01,491,521,0,0,360,21,628,0.0,17063,10185,330,25,37,289,16502,5977,33,500,41996,8965,,,
2006-03-01,532,580,0,0,359,15,590,0.0,19298,11940,411,26,26,356,19422,7018,43,622,50643,10154,,,
2006-04-01,491,526,0,0,384,14,567,0.0,16600,11800,382,35,34,288,18533,6614,38,537,46015,9518,,,
2006-05-01,704,816,0,0,391,28,716,0.0,13686,11212,339,16,21,273,18318,5960,35,525,47712,9402,,,
2006-06-01,508,545,0,0,365,19,563,0.0,15217,11715,339,21,24,249,18503,6545,34,481,46648,9745,,,
2006-07-01,509,533,0,0,380,15,587,0.0,13949,10991,357,17,30,238,17661,6016,36,488,45240,9710,,,
2006-08-01,483,534,0,0,385,17,624,0.0,15571,11600,347,15,27,275,18269,6048,42,493,47370,9879,,,
2006-09-01,449,471,0,0,374,24,493,0.0,15521,11467,356,24,32,272,17203,5993,46,484,42396,8927,,,
2006-10-01,441,485,0,0,419,19,567,0.0,16793,12255,340,21,24,285,18360,6145,39,491,46383,9424,,,
2006-11-01,456,501,0,0,331,27,531,0.0,16533,11720,337,18,26,291,17232,5812,40,522,46833,9211,,,
2006-12-01,500,526,0,0,393,17,622,0.0,17013,12911,382,24,38,289,16389,4745,19,446,45601,6602,,,
2007-01-01,432,439,0,0,331,27,497,0.0,15839,10616,377,16,19,272,17301,5778,20,503,46396,9126,,,
2007-02-01,406,450,0,0,297,15,538,0.0,16448,10846,342,25,28,257,16471,5214,36,470,42676,8194,,,
2007-03-01,412,431,0,0,420,16,594,0.0,18035,12726,355,17,29,319,19198,6271,42,547,45239,8686,,,
2007-04-01,447,467,0,0,399,17,535,0.0,16514,12115,320,21,27,274,18850,5696,29,520,43988,8608,,,
2007-05-01,434,467,0,0,401,21,417,0.0,14741,12480,383,19,31,225,19520,6033,22,577,47122,9432,,,
2007-06-01,378,400,0,0,440,20,384,0.0,14754,12430,439,15,27,232,18348,5401,12,471,43609,8777,,,
2007-07-01,361,381,0,0,405,26,394,0.0,13749,11718,421,16,16,240,18008,5443,25,500,42648,8470,,,
2007-08-01,407,428,0,0,423,17,425,0.0,15739,13124,474,22,22,300,19604,5793,19,560,46518,8818,,,
2007-09-01,377,408,0,0,463,40,473,0.0,16670,13093,466,15,16,282,17881,5149,14,476,41336,7289,,,
2007-10-01,406,426,0,0,431,35,452,0.0,17774,13270,435,21,21,324,18325,5443,33,556,43812,7717,,,
2007-11-01,403,422,0,0,385,24,439,0.0,16113,12108,501,14,14,259,17403,5002,19,537,41067,7392,,,
2007-12-01,414,434,0,0,449,19,530,0.0,17169,13527,423,17,17,239,16294,3969,14,475,39606,5836,,,
2008-01-01,366,384,0,0,355,21,426,0.0,16208,10854,337,15,16,260,17593,4525,19,453,43507,7866,,,
2008-02-01,387,413,0,0,330,24,436,0.0,15868,11248,344,24,24,257,18004,4665,23,522,41381,7255,,,
2008-03-01,382,400,0,0,395,29,475,0.0,16984,13330,357,31,33,271,19454,5284,24,515,43735,8253,,,
2008-04-01,324,334,0,0,393,25,435,0.0,15385,13493,361,15,16,281,19153,5093,25,548,44522,8929,,,
2008-05-01,374,398,0,0,428,21,408,0.0,14410,13906,332,17,17,251,19394,5289,24,556,44132,8703,,,
2008-06-01,349,372,0,0,400,27,412,0.0,14402,13048,331,25,25,279,19504,4927,24,504,45372,8510,,,
2008-07-01,362,377,0,0,386,40,359,0.0,14192,12491,401,29,29,252,19776,4818,22,568,47652,8903,,,
2008-08-01,337,362,0,0,401,21,426,0.0,15115,12930,315,19,22,294,19336,4794,20,587,45548,8861,,,
2008-09-01,325,354,0,0,374,18,387,0.0,11353,9570,286,22,23,317,15074,5107,21,569,31146,7831,,,
2008-10-01,406,435,0,0,401,22,410,0.0,7540,6950,214,22,25,300,12183,5572,26,633,21248,8170,,,
2008-11-01,412,439,0,0,435,34,468,0.0,13155,10490,267,18,18,330,18153,5516,31,590,36586,7990,,,
2008-12-01,408,428,0,0,372,27,424,0.0,16251,12809,325,31,31,295,20342,5305,23,608,44605,6958,,,
2009-01-01,359,388,0,0,304,21,437,0.0,15127,9717,296,30,30,353,21416,6290,19,578,45126,8836,,,
2009-02-01,386,402,0,0,315,27,452,0.0,15149,9855,416,29,29,296,20747,6017,17,595,40141,8338,,,
2009-03-01,403,422,0,0,382,20,452,0.0,17572,11265,492,34,36,399,23477,6946,21,676,45544,9611,,,
2009-04-01,415,433,0,0,380,21,444,0.0,15618,11169,360,27,27,303,22452,6193,23,665,43498,9297,,,
2009-05-01,427,447,0,0,408,25,441,0.0,15329,11227,336,31,31,347,23188,6481,12,658,46308,9468,,,
2009-06-01,327,342,0,0,425,17,403,0.0,13600,10564,358,20,20,298,22897,6338,23,637,44990,9397,,,
2009-07-01,355,367,0,0,401,22,355,0.0,13087,9836,324,29,29,259,22617,6044,18,711,44117,9248,,,
2009-08-01,355,370,0,0,405,26,401,0.0,14453,10876,324,24,24,417,21341,5810,24,660,44932,8968,,,
2009-09-01,368,390,0,0,367,23,425,0.0,15675,10690,388,27,29,635,20441,5697,22,656,42824,8463,,,
2009-10-01,384,398,0,0,375,30,418,0.0,15732,11495,378,11,11,768,20623,5693,21,691,43819,8325,,,
2009-11-01,382,405,0,0,389,22,489,0.0,18359,11471,471,23,23,832,19095,5258,29,677,42351,8284,,,
2009-12-01,403,421,0,0,385,31,462,0.0,16557,12102,391,18,18,738,18728,5077,24,572,45537,7118,,,
2010-01-01,419,452,0,0,326,20,483,,15160,9798,347,25,26,762,18688,5585,23,512,42833,8003,,,
2010-02-01,398,415,0,0,322,21,436,,14715,9820,379,18,19,733,17762,5314,20,536,38327,7565,,,
2010-03-01,404,433,0,0,371,18,480,,15962,12296,418,29,29,828,20901,6108,23,671,42497,8601,,,
2010-04-01,394,406,0,0,381,18,421,,14404,11269,429,18,18,831,19701,5789,26,624,39298,7711,,,
2010-05-01,368,393,0,0,466,32,378,,13679,12443,395,28,28,857,20309,5812,14,617,42451,8219,,,
2010-06-01,296,311,0,0,383,22,381,,13449,12002,429,15,15,785,19511,5703,14,517,42182,8504,,,
2010-07-01,308,320,0,0,370,37,369,,13002,11052,354,23,23,785,20154,5830,12,569,41916,8801,,,
2010-08-01,334,342,0,0,426,21,391,,14737,12476,405,21,21,896,19742,5772,15,548,44714,9154,,,
2010-09-01,301,310,0,0,420,32,400,,15142,11597,449,25,25,906,19061,5517,14,604,43168,9213,,,
2010-10-01,351,370,0,0,377,24,408,,14996,11961,330,13,13,855,19408,5745,13,627,42590,9498,,,
2010-11-01,376,395,0,0,360,30,432,,15628,11500,387,15,15,817,18929,5973,20,739,42223,8692,,,
2010-12-01,376,397,0,0,436,17,444,,16347,12093,441,22,22,824,18731,5444,17,730,44454,6849,,,
2011-01-01,360,376,0,0,352,43,453,,15952,10526,419,22,22,846,18076,5822,19,693,43293,8406,,,
2011-02-01,332,352,0,0,362,31,410,,15985,10913,412,25,27,934,18127,5992,22,591,42488,8622,,,
2011-03-01,312,326,0,0,357,28,401,,15534,11270,420,39,40,919,20071,6796,19,502,45732,9107,,,
2011-04-01,360,386,0,0,414,24,415,,15572,11736,360,31,31,886,19264,6135,15,524,45767,8488,,,
2011-05-01,339,360,0,0,472,28,408,,15082,13238,409,38,40,855,21089,6759,29,520,48927,8980,,,
2011-06-01,311,324,0,0,419,29,346,,13956,12954,298,22,23,809,19731,6148,23,515,44722,8780,,,
2011-07-01,376,394,0,0,404,30,404,,14153,11550,341,20,20,796,20246,6490,26,505,43987,9075,,,
2011-08-01,360,371,0,0,398,28,410,,16094,12444,379,14,16,898,21582,6974,25,601,47120,9538,,,
2011-09-01,318,336,0,0,429,31,447,,15845,12330,362,20,20,899,20534,7059,17,611,45430,9486,,,
2011-10-01,366,385,0,0,413,43,505,,16327,11999,458,28,29,842,19143,7069,19,626,44072,8904,,,
2011-11-01,356,370,0,0,366,29,415,,16313,11708,369,29,31,846,19168,7139,20,611,45663,8727,,,
2011-12-01,403,423,6,7,393,16,489,,17648,12341,424,29,30,869,18492,6807,18,659,43938,7008,,,
2012-01-01,356,386,2,5,333,51,461,,16301,10386,384,21,22,944,18669,6429,14,579,43096,8296,,,
2012-02-01,329,348,7,8,333,17,490,,17600,11042,354,28,30,1031,18476,7117,21,611,42392,8594,,,
2012-03-01,394,410,12,17,374,16,501,,17957,12586,397,36,37,1088,21514,8281,30,721,47002,10237,,,
2012-04-01,378,392,10,12,358,24,474,,16124,12022,348,33,33,958,20483,7884,8,619,45046,9308,,,
2012-05-01,332,342,7,7,390,18,496,,15339,12931,408,35,35,1101,23213,8386,12,724,48324,9689,,,
2012-06-01,396,434,5,6,386,32,477,,13696,11533,414,25,25,1093,20772,6847,14,659,43497,8547,,,
2012-07-01,348,380,4,7,389,29,441,,14492,11972,387,31,31,997,20052,6760,29,635,43958,9150,,,
2012-08-01,393,419,16,20,411,26,510,,16229,13345,413,23,25,1184,20592,7243,12,608,47789,9748,,,
2012-09-01,405,429,9,11,467,26,469,,15748,12538,376,34,34,1175,18357,6600,22,470,43826,8763,,,
2012-10-01,504,569,5,7,406,26,629,,17647,12830,437,21,21,1239,19196,7165,24,577,48947,9466,,,
2012-11-01,471,535,4,4,366,18,626,,15404,11139,343,26,29,1068,18405,6817,16,564,45727,8917,,,
2012-12-01,530,565,6,7,415,22,670,,16843,11912,403,31,31,1008,18186,7698,20,577,45769,7759,,,
2013-01-01,417,456,5,6,291,16,538,,15495,10316,382,34,34,1138,20371,7633,16,571,49193,9550,,,
2013-02-01,371,391,2,2,251,22,496,,15355,9623,470,33,33,1057,18426,6958,15,585,42279,8468,,,
2013-03-01,401,432,6,7,349,25,512,,15913,11502,487,34,34,1161,20455,8306,18,673,46510,9772,,,
2013-04-01,363,386,4,5,317,24,468,,15733,11792,432,37,37,1093,21368,8024,18,649,47800,9799,,,
2013-05-01,329,350,5,6,368,20,461,,14766,11847,383,35,37,1056,21209,7606,22,634,46767,9453,,,
2013-06-01,356,372,15,16,406,23,436,,13556,11182,349,30,31,1024,22329,8084,30,633,43997,10117,,,
2013-07-01,311,330,7,11,377,24,458,,12403,11622,355,31,31,915,22931,8405,19,673,44803,10114,,,
2013-08-01,371,399,2,2,386,19,497,,13499,12542,329,30,32,1016,22674,8401,30,732,44977,10516,,,
2013-09-01,379,408,5,13,339,16,491,,14067,11997,331,26,26,941,21493,7974,18,666,42361,10050,,,
2013-10-01,391,413,8,9,385,17,493,,13704,12308,423,29,29,912,22818,8683,15,726,47608,10845,,,
2013-11-01,353,377,7,10,347,15,510,,13843,11564,333,25,26,934,20990,9024,15,653,44122,9905,,,
2013-12-01,401,425,8,11,379,23,531,,14331,11533,349,36,36,810,22004,9628,27,764,42471,8195,,,
2014-01-01,422,447,7,8,351,22,540,,14904,10702,355,35,35,918,27090,9254,19,771,47771,10287,,,
2014-02-01,330,357,6,8,324,9,506,,13845,10987,440,33,33,895,25337,8953,21,733,42071,10274,,,
2014-03-01,398,416,3,4,397,15,481,,13761,11366,317,36,36,876,26996,9016,12,664,43510,10807,,,
2014-04-01,364,387,3,9,342,20,446,,12928,11548,390,37,42,909,27809,9015,14,702,46018,10971,,,
2014-05-01,350,366,6,7,453,26,424,,11392,11619,349,33,34,765,28433,8691,12,772,45631,11161,,,
2014-06-01,321,332,6,6,391,19,467,,12268,11160,289,27,29,760,25718,7891,11,658,42574,9880,,,
2014-07-01,332,363,6,7,396,20,400,,10708,10305,305,20,20,755,25911,7477,11,733,42005,10087,,,
2014-08-01,325,340,9,10,376,17,448,,11533,11628,354,33,34,812,25514,7484,11,664,41748,10437,,,
2014-09-01,334,351,13,18,339,15,407,,12549,11418,295,31,32,858,25157,7259,10,607,42761,10366,,,
2014-10-01,383,395,8,9,368,25,432,,13481,11734,324,36,37,912,26112,7763,21,737,42503,10734,,,
2014-11-01,361,378,2,2,328,22,446,,12761,10556,240,23,23,836,23609,7723,23,704,39591,9978,,,
2014-12-01,373,395,5,6,345,15,473,,12416,10233,287,30,30,730,23528,8237,17,773,40368,7787,,,
2015-01-01,373,392,4,4,295,15,506,,13141,8928,260,33,34,828,25825,7490,17,782,40502,9563,0.0,88.0,
2015-02-01,330,339,6,7,254,20,366,,11208,8577,265,20,20,722,23876,6499,17,712,36124,8966,0.0,75.0,
2015-03-01,347,365,2,2,308,23,379,,12081,10602,399,32,32,872,27773,6867,14,879,44033,10518,1.0,82.0,
2015-04-01,328,360,2,2,298,15,323,,11342,9838,330,34,34,742,25315,6577,20,761,42014,9397,0.0,62.0,
2015-05-01,292,304,6,8,335,20,360,,10682,10318,267,29,31,687,25295,6203,11,706,41783,9149,1.0,74.0,
2015-06-01,264,276,8,9,320,13,319,,10099,10418,341,29,30,681,24126,5353,13,584,41665,8598,0.0,70.0,
2015-07-01,275,291,2,2,291,15,324,,9800,9502,282,25,26,739,25488,5805,14,594,41671,9313,0.0,106.0,
2015-08-01,324,345,2,2,322,12,382,,11493,10045,299,29,30,766,24883,5701,13,574,41160,9152,0.0,97.0,
2015-09-01,278,295,5,5,257,20,371,,11830,9100,275,21,21,824,25119,6083,10,651,40374,9021,1.0,73.0,
2015-10-01,304,322,4,4,303,15,387,,12550,8937,260,39,41,859,27082,6985,9,709,42813,9394,1.0,73.0,
2015-11-01,302,319,4,4,282,17,329,,12253,8484,242,26,27,822,27071,7126,11,759,41673,9576,822.0,26301.0,
2015-12-01,342,358,7,8,295,13,420,,12328,8431,241,28,30,723,25539,7970,10,779,41522,8043,0.0,67.0,
2016-01-01,294,307,2,2,250,14,380,0.0,11166,7431,253,27,28,790,25640,6479,9,698,40038,8955,,,0.0
2016-02-01,287,292,2,2,250,18,348,0.0,12773,7870,296,24,24,783,25643,6098,10,643,42158,9067,,,0.0
2016-03-01,309,318,6,6,294,20,387,0.0,13110,8499,253,26,27,909,29407,6619,9,811,44754,9787,,,0.0
2016-04-01,333,348,3,3,312,16,362,0.0,12442,8681,216,28,31,760,26778,6454,19,777,42691,9292,,,0.0
2016-05-01,272,278,6,6,340,14,315,0.0,10408,8623,242,31,31,683,26690,6302,14,684,44477,9518,,,0.0
2016-06-01,233,241,1,1,276,14,288,0.0,9858,8526,250,27,27,811,26576,6009,4,785,42121,9750,,,0.0
2016-07-01,290,301,5,5,343,13,327,0.0,10239,8291,277,35,36,728,25932,6137,14,809,41691,9448,,,0.0
2016-08-01,282,295,4,4,296,13,326,0.0,11527,8872,267,26,27,976,28451,6370,10,917,44078,9572,,,0.0
2016-09-01,283,293,5,6,286,19,352,2.0,11316,8277,289,32,33,953,27631,6292,11,903,42760,9448,,,663.0
2016-10-01,341,355,7,7,298,10,355,3.0,12317,8082,269,37,38,951,27756,7119,9,865,43166,9083,,,641.0
2016-11-01,261,284,4,4,255,15,344,3.0,11876,7536,279,28,28,914,27029,6752,14,975,43387,9101,,,591.0
2016-12-01,336,362,6,7,307,20,333,4.0,12023,7703,328,31,31,797,25741,7318,14,1076,43571,7911,,,535.0
2017-01-01,281,310,5,7,244,10,335,2.0,11463,6741,270,39,40,895,26392,5926,13,844,42616,8465,261.0,25535.0,634.0
2017-02-01,296,312,3,4,258,20,326,2.0,11415,6729,330,34,35,794,25179,5752,11,865,42978,8272,274.0,24303.0,520.0
2017-03-01,301,320,4,4,278,13,341,7.0,12704,8231,339,31,31,978,30175,6374,11,1053,48593,9872,338.0,29111.0,640.0
2017-04-01,284,303,3,3,303,12,340,0.0,11132,7340,252,36,36,875,25518,5590,9,784,40487,8741,298.0,24725.0,577.0
2017-05-01,258,273,6,7,325,17,317,1.0,11096,8566,268,32,33,943,28235,5904,8,939,45200,9411,304.0,27288.0,639.0
2017-06-01,242,258,5,5,299,17,292,4.0,10062,7960,282,31,31,795,25825,5330,5,932,42922,8227,243.0,24888.0,552.0
2017-07-01,269,283,6,7,367,12,271,3.0,9874,7677,204,32,32,884,24249,5297,6,853,40983,8468,257.0,23390.0,627.0
2017-08-01,242,265,3,3,288,7,285,3.0,11143,7953,280,20,20,934,25564,5465,8,1011,45265,9033,292.0,24545.0,642.0
2017-09-01,266,272,4,9,292,15,291,6.0,11764,7261,245,11,11,950,22971,5337,2,759,40628,8662,289.0,22210.0,661.0
2017-10-01,242,268,5,8,276,10,338,7.0,12240,7140,259,20,20,1094,23863,5625,9,848,43132,9069,332.0,23006.0,762.0
2017-11-01,284,294,5,6,249,13,309,8.0,11230,7013,234,24,25,1051,22856,5634,7,829,42002,9099,326.0,22020.0,725.0
2017-12-01,329,346,3,3,308,13,368,6.0,12013,6971,222,24,24,896,21837,5730,8,867,40789,7510,295.0,20962.0,601.0
2018-01-01,262,277,7,10,228,15,333,8.0,11334,6317,275,23,23,1034,23032,4513,4,742,42622,8274,300.0,22286.0,734.0
2018-02-01,237,246,4,4,214,17,265,6.0,10630,6002,195,22,23,999,22244,4508,4,745,46716,8057,300.0,21495.0,699.0
2018-03-01,267,281,4,5,256,9,331,8.0,12276,7145,283,21,22,1185,22479,4790,5,796,41616,8787,312.0,21678.0,873.0
2018-04-01,252,271,3,4,286,10,292,6.0,10938,7229,257,27,28,957,22772,4941,3,768,41149,8436,278.0,22001.0,679.0
2018-05-01,239,248,2,2,249,9,269,4.0,10804,6997,274,19,20,1036,24178,5173,9,662,41775,8140,278.0,23507.0,758.0
2018-06-01,238,247,2,2,307,19,281,7.0,10017,6457,239,23,23,897,22190,4898,6,777,40770,7965,257.0,21407.0,640.0
2018-07-01,245,261,4,6,295,19,268,8.0,9529,6328,243,21,22,858,20509,4600,6,729,41208,8376,250.0,19774.0,608.0
2018-08-01,224,233,1,1,285,10,257,1.0,9749,6634,253,23,23,1048,21856,4822,5,748,43331,8561,296.0,21103.0,752.0
2018-09-01,220,232,4,5,283,11,288,6.0,10110,5947,258,22,22,946,20214,4654,2,649,40096,8167,250.0,19563.0,696.0
2018-10-01,251,264,3,3,277,12,307,7.0,10885,6348,264,27,28,1142,22613,5251,6,713,44841,8985,285.0,21894.0,857.0
2018-11-01,240,257,0,0,229,14,272,13.0,10188,5738,234,23,24,922,21306,5227,1,694,41550,8620,234.0,20611.0,688.0
2018-12-01,274,289,2,2,284,7,321,6.0,10904,5644,278,19,20,925,19722,5593,3,715,39222,6978,245.0,19004.0,680.0
2019-01-01,270,284,2,2,269,20,330,10.0,11800,6151,286,17,17,1071,21000,3948,1,610,45163,7264,261.0,20389.0,810.0
2019-02-01,212,219,1,1,210,20,260,6.0,10471,5668,291,12,13,946,19381,3562,2,587,42934,7233,262.0,18792.0,684.0
2019-03-01,231,255,2,2,242,19,298,5.0,11362,5794,273,9,10,1027,21991,4045,2,607,48390,7670,280.0,21382.0,747.0
2019-04-01,255,262,0,0,239,9,306,12.0,11737,6503,343,16,16,1018,20780,4070,1,610,44604,7782,258.0,20169.0,760.0
2019-05-01,214,223,1,1,308,10,285,8.0,10452,6903,274,15,15,1078,21390,4089,1,568,46625,8052,250.0,20821.0,828.0
2019-06-01,212,222,2,2,287,17,269,14.0,9584,6059,291,18,20,820,21986,3944,4,554,43595,7333,216.0,21428.0,604.0
2019-07-01,186,193,4,4,297,12,249,5.0,9479,6556,252,16,16,850,21957,3691,2,629,43402,7868,223.0,21326.0,627.0
2019-08-01,203,210,2,2,303,11,240,7.0,10202,6723,249,10,11,1051,21938,3554,1,592,42936,7904,252.0,21345.0,799.0
2019-09-01,202,212,1,1,272,15,278,8.0,10902,6125,301,21,22,1201,20433,3294,1,478,40969,7363,311.0,19954.0,890.0
2019-10-01,253,261,2,3,260,9,280,13.0,11934,6915,333,18,18,1306,22003,3821,1,677,43140,8083,316.0,21325.0,990.0
2019-11-01,246,255,1,1,256,24,269,5.0,11043,6133,274,14,15,1090,21350,3950,2,646,41505,7642,264.0,20702.0,826.0
2019-12-01,294,310,0,0,294,17,300,11.0,10898,5443,320,26,26,916,21188,4549,3,767,38904,6458,264.0,20418.0,652.0
2020-01-01,263,277,5,6,242,5,318,13.0,10893,5739,303,18,18,1066,23997,3662,0,595,43791,7427,274.0,23402.0,792.0
2020-02-01,210,218,2,2,212,24,273,18.0,10510,4811,256,22,24,885,23708,3242,6,519,47015,6610,242.0,23183.0,643.0
2020-03-01,286,297,2,2,263,15,281,19.0,9453,4527,242,18,18,953,20530,3181,4,580,33098,5792,247.0,19946.0,706.0
2020-04-01,264,272,0,0,197,8,242,7.0,7132,2643,123,12,12,661,14468,2215,1,410,20797,3946,183.0,14057.0,478.0
2020-05-01,226,236,0,0,261,7,235,7.0,7046,3614,140,10,10,669,15285,1992,3,430,23778,4525,155.0,14852.0,514.0
2020-06-01,211,222,3,4,252,13,234,9.0,8058,4097,200,13,13,837,18096,1930,0,411,30741,4801,190.0,17685.0,647.0
2020-07-01,217,223,0,0,288,15,220,10.0,8766,4867,279,14,15,921,17357,2427,1,449,31042,5617,220.0,16907.0,701.0
2020-08-01,213,225,2,6,311,15,283,11.0,9077,5040,233,14,15,953,15544,2149,3,418,28917,5097,200.0,15123.0,753.0
2020-09-01,238,248,1,1,302,5,272,9.0,9955,4724,226,15,15,1038,15225,2247,1,428,30571,5180,221.0,14796.0,817.0
2020-10-01,243,256,0,0,287,10,271,7.0,10097,4901,222,21,21,994,16250,2354,4,464,32704,5442,237.0,15782.0,757.0
2020-11-01,243,277,1,2,274,11,281,5.0,10677,5478,239,12,12,1052,18742,2870,3,515,34909,5914,237.0,18224.0,815.0
2020-12-01,279,287,3,3,278,4,290,7.0,10357,5045,279,10,10,994,19637,3622,3,699,34948,5373,213.0,18935.0,781.0
2021-01-01,284,295,1,1,233,15,304,6.0,10698,4765,232,16,16,1095,19240,2779,1,570,34960,5749,271.0,18669.0,824.0
2021-02-01,226,238,0,0,246,9,241,3.0,9793,4799,219,12,12,983,18983,2480,3,523,35093,6232,241.0,18457.0,742.0
2021-03-01,236,248,0,0,227,16,279,10.0,9978,4393,199,16,16,1035,17528,2560,2,575,33237,6301,251.0,16951.0,784.0
2021-04-01,215,229,0,0,248,13,287,6.0,8745,4327,189,13,13,915,16722,2335,0,509,32479,5982,191.0,16213.0,724.0
2021-05-01,257,267,1,2,315,10,250,8.0,8781,4914,210,16,17,889,18318,2444,1,499,36665,6470,175.0,17818.0,714.0
2021-06-01,203,205,1,1,270,14,254,10.0,8539,4778,211,13,14,840,17907,2430,3,493,37578,6328,187.0,17411.0,653.0
2021-07-01,199,215,1,1,325,7,244,3.0,8658,4957,168,9,10,897,19153,2552,0,493,39021,6827,184.0,18660.0,713.0
2021-08-01,225,235,0,0,292,13,291,5.0,9844,5269,241,14,15,998,19351,2693,2,469,41690,7078,216.0,18880.0,782.0
2021-09-01,225,242,2,2,267,15,295,9.0,10605,5101,267,22,23,1076,19366,2902,1,468,42733,6984,229.0,18897.0,847.0
2021-10-01,221,229,3,3,310,13,271,5.0,9912,5090,283,11,11,979,19186,3023,0,568,44029,7631,219.0,18618.0,760.0
2021-11-01,211,224,0,0,265,5,293,7.0,10320,5033,243,12,13,1110,19820,3236,2,685,46913,7396,281.0,19133.0,829.0
2021-12-01,206,214,1,1,318,13,291,4.0,10318,5130,243,12,13,945,20132,3607,3,677,45802,6692,216.0,19452.0,729.0
2022-01-01,236,250,0,0,197,7,281,8.0,10606,3936,194,13,13,938,20371,2936,1,575,42583,7113,212.0,19795.0,726.0
2022-02-01,233,246,0,0,252,8,284,10.0,10829,4231,201,17,17,1009,17459,2660,1,490,37601,6744,242.0,16968.0,767.0
2022-03-01,241,246,3,3,297,11,332,9.0,12904,5382,233,13,13,1288,21206,3625,1,588,50090,8511,291.0,20617.0,997.0
2022-04-01,230,237,1,1,271,13,287,10.0,11114,4727,222,16,16,1039,20464,3041,2,526,46991,7597,246.0,19936.0,793.0
2022-05-01,228,240,1,2,277,2,254,5.0,10401,5566,238,13,13,1099,19749,3303,1,551,49342,7727,237.0,19197.0,862.0
2022-06-01,227,235,2,2,299,6,256,11.0,9562,5485,249,13,13,981,19900,3265,2,492,49519,7604,218.0,19406.0,763.0
2022-07-01,259,274,2,2,300,13,297,9.0,10235,5492,257,13,13,1117,19086,3332,2,538,44805,8170,278.0,18546.0,839.0
2022-08-01,228,240,4,5,301,8,267,4.0,11052,5765,254,7,7,1243,20315,3448,3,469,50010,8724,259.0,19843.0,984.0
2022-09-01,253,270,2,2,314,9,252,8.0,10249,5205,222,19,19,1237,19962,3316,0,484,46397,8613,264.0,19478.0,973.0
2022-10-01,270,283,2,2,337,11,363,10.0,12205,5374,262,11,11,1189,21501,3982,1,488,49288,8825,244.0,21012.0,945.0
2022-11-01,218,229,2,3,269,9,302,5.0,11303,5291,216,17,17,1088,21133,4233,0,546,48403,9034,250.0,20587.0,838.0
2022-12-01,286,294,0,0,277,13,324,5.0,11689,5186,260,26,26,1012,21845,4580,2,584,47581,8000,229.0,21259.0,783.0
2023-01-01,250,258,1,1,263,19,320,13.0,11422,4833,258,12,12,1157,20782,3172,0,509,47688,7716,314.0,20273.0,843.0
2023-02-01,222,240,2,5,236,9,291,4.0,11333,4716,246,11,11,1110,18418,2945,0,464,44001,6974,267.0,17954.0,843.0
2023-03-01,243,254,0,0,358,14,346,9.0,13482,6238,300,13,14,1384,21605,3592,1,612,51596,8848,329.0,20992.0,1055.0
2023-04-01,225,231,0,0,274,24,308,4.0,11402,5114,265,16,16,1126,18344,3079,1,475,45232,7522,265.0,17868.0,861.0
2023-05-01,195,200,1,1,338,16,285,5.0,11691,5905,281,13,14,1299,19264,2957,1,517,50173,8353,285.0,18746.0,1014.0
2023-06-01,191,205,2,3,304,5,260,6.0,10726,6063,267,13,13,1112,18110,2820,2,481,48218,7774,259.0,17627.0,853.0
2023-07-01,162,171,0,0,361,10,265,4.0,11038,5823,248,16,16,1061,18312,2837,1,456,46379,7882,243.0,17855.0,818.0
2023-08-01,204,212,0,0,313,16,292,7.0,12264,6433,273,9,9,1314,18901,2821,1,486,49684,7901,259.0,18414.0,1055.0
2023-09-01,239,251,0,0,361,11,313,9.0,13248,6160,264,16,16,1249,17899,3046,1,476,48174,7494,297.0,17422.0,952.0
2023-10-01,196,204,0,0,371,14,272,5.0,13095,6006,273,14,14,1267,19301,3328,0,497,50660,8177,291.0,18804.0,976.0
2023-11-01,209,224,3,7,310,14,315,6.0,13590,5740,228,12,13,1270,18592,3293,2,571,47788,8094,282.0,18019.0,988.0
2023-12-01,269,278,1,1,381,9,348,10.0,13920,5789,228,19,19,1165,18500,3581,0,519,46685,7523,282.0,17981.0,883.0
2024-01-01,215,228,1,1,280,10,278,7.0,12315,5285,261,17,17,1196,17622,2291,0,419,46507,7699,287.0,17203.0,909.0
2024-02-01,216,224,1,1,285,19,276,9.0,12031,5293,246,16,17,995,16427,2285,1,416,45027,7213,237.0,16010.0,758.0
2024-03-01,227,234,1,1,335,9,306,18.0,13461,6092,282,13,13,1210,17857,2626,0,420,45748,7615,284.0,17437.0,926.0
2024-04-01,188,194,1,1,368,13,329,4.0,13170,6317,259,14,14,1219,16972,2607,0,419,45960,7830,261.0,16553.0,958.0
2024-05-01,195,206,0,0,397,14,311,10.0,12579,6430,206,19,21,1246,16470,2713,0,460,45918,7688,288.0,16010.0,958.0
2024-06-01,189,199,2,2,389,3,263,11.0,11420,6455,231,10,10,1236,15630,2695,0,374,45188,7522,252.0,15256.0,984.0
2024-07-01,193,203,5,6,393,5,284,12.0,10761,6209,200,18,19,1168,16061,2578,0,358,46641,7872,249.0,15703.0,919.0
2024-08-01,195,205,0,0,387,10,253,5.0,12022,6523,185,9,9,1250,15185,2398,0,380,46932,8118,280.0,14805.0,970.0
2024-09-01,242,252,3,3,329,9,322,12.0,14507,6427,208,15,15,1337,14231,2455,0,323,45906,7882,336.0,13908.0,1001.0
2024-10-01,205,208,1,1,362,7,275,15.0,14023,6607,250,13,13,1462,15954,2825,0,349,49962,8812,373.0,15605.0,1089.0
2024-11-01,0,0,0,0,0,0,0,0.0,0,0,0,0,0,0,0,0,0,0,0,0,0.0,0.0,0.0
2024-12-01,0,0,0,0,0,0,0,0.0,0,0,0,0,0,0,0,0,0,0,0,0,0.0,0.0,0.0
